{
    "name":"FOS - Splitter"
   ,"version":"22.1.0"
   ,"description":"Unleash new layout possibilities with this drag and drop splitter region.\r\n\u003Ch4\u003EFree Plug-in under MIT License\u003C\/h4\u003E\r\n\u003Cp\u003E\r\nAll FOS plug-ins are released under MIT License, which essentially means it is free for everyone to use, no matter if commercial or private use. \r\n\u003C\/p\u003E\r\n\u003Ch4\u003EOverview\u003C\/h4\u003E\r\n\u003Cp\u003EThe \u003Cstrong\u003EFOS - Splitter\u003C\/strong\u003E plug-in is a region that divides its 2 subregions into 2 panels, separated by a draggable splitter bar. The subregions can be split horizontally or vertically, with numerous other layout options.\u003C\/p\u003E\r\n\u003Cp\u003EThis region \u003Cstrong\u003Emust\u003C\/strong\u003E have exactly 2 subregions and it works best with a template without margins or padding, such as Blank With Attributes.\u003C\/p\u003E\r\n\u003Cp\u003EThis plug-in leverages the Spitter widget that is used in Page Designer. We have included it in this plug-in, as it required a few minor tweaks to support splitters hidden behind tabs, collapsed regions etc.\u003C\/p\u003E"
   ,"keywords":[
        "splitter"
       ,"layout"
       ,"columns"
       ,"drag"
    ]
   ,"license":"MIT"
   ,"commercial":"No"
   ,"commercially_supported":"Yes"
   ,"homepage":"https:\/\/github.com\/foex-open-source\/fos-splitter"
   ,"bugs":{
        "url":"https:\/\/github.com\/foex-open-source\/fos-splitter\/issues"
       ,"email":"support@fos.world"
    }
   ,"author":{
        "name":"FOEX GmbH"
       ,"email":"office@fos.world"
       ,"url":"https:\/\/foex.at\/fos\/"
       ,"twitter":"@foexopensource"
    }
   ,"repository":{
        "type":"git"
       ,"url":"https:\/\/github.com\/foex-open-source\/fos-splitter.git"
    }
   ,"oracle":{
        "versions":[
            "12.1.0.1"
           ,"12.2.0.1"
           ,"18.0.0.0"
           ,"19.0.0.0"
           ,"21.0.0.0"
        ]
       ,"apex":{
            "versions":[
                "19.2.0"
               ,"20.1.0"
               ,"20.2.0"
               ,"21.1.0"
               ,"21.2.0"
               ,"22.1.0"
            ]
           ,"plugin":{
                "internalName":"COM.FOS.SPLITTER"
               ,"type":"region"
               ,"demo":"https:\/\/fos.world\/ords\/f?p=10000:3030"
               ,"previewImage":"https:\/\/fos.world\/ords\/fos_master_ws\/fos-image\/COM.FOS.SPLITTER"
            }
        }
    }
}


